Loan_ID,Credit_History,Gender_Female,Gender_Male,Married_No,Married_Yes,Dependents_0,Dependents_1,Dependents_2,Dependents_3+,Education_Graduate,Education_Not Graduate,Self_Employed_No,Self_Employed_Yes,Property_Area_Rural,Property_Area_Semiurban,Property_Area_Urban,ApplicantIncome,CoapplicantIncome,LoanAmount,Loan_Amount_Term
LP001825,1.0,0,1,0,1,1,0,0,0,1,0,1,0,0,0,1,-1.2173034444852118,0.19440356207582374,-0.47516216705554615,0.27207315048860586
LP001608,1.0,0,1,0,1,0,0,1,0,1,0,1,0,1,0,0,-1.0580187117869426,0.10265756305684466,-0.10203714556619407,0.27207315048860586
LP001993,1.0,1,0,1,0,1,0,0,0,1,0,1,0,1,0,0,0.10084521212376987,0.1199750809439612,1.0512583754008942,0.27207315048860586
LP002836,1.0,0,1,1,0,1,0,0,0,1,0,1,0,0,0,1,-0.18870203502689736,-0.49387565948021217,-1.1535712970361862,0.27207315048860586
LP001343,1.0,0,1,0,1,1,0,0,0,1,0,1,0,0,1,0,-1.2510502098873875,0.8108335072916952,0.9155765494047662,0.27207315048860586
LP002318,1.0,1,0,1,0,0,1,0,0,0,1,0,1,0,1,0,0.1717134194683388,-0.49387565948021217,-1.4249349490284424,0.27207315048860586
LP001691,1.0,0,1,0,1,0,0,1,0,0,1,1,0,0,1,0,0.20546018487051446,-0.49387565948021217,0.6781333539115421,0.27207315048860586
LP002689,1.0,0,1,0,1,0,0,1,0,0,1,1,0,0,1,0,-0.9588032215045461,0.147977875825256,-2.0015827095119865,0.27207315048860586
LP001974,1.0,1,0,1,0,1,0,0,0,1,0,1,0,1,0,0,0.9364151234816394,-0.49387565948021217,0.9494970059037982,0.27207315048860586
LP002337,1.0,1,0,1,0,1,0,0,0,1,0,1,0,0,0,1,-0.4168301691456049,-0.49387565948021217,-1.4927758620265064,0.27207315048860586
LP001385,1.0,0,1,1,0,1,0,0,0,1,0,1,0,0,0,1,1.1496946808233897,-0.49387565948021217,1.0851788318999263,0.27207315048860586
LP002068,0.0,0,1,1,0,1,0,0,0,1,0,1,0,1,0,0,0.8803954929140277,-0.49387565948021217,0.8816560929057341,0.27207315048860586
LP001606,1.0,0,1,0,1,1,0,0,0,1,0,1,0,1,0,0,-0.07801264450776116,0.22977551350482772,0.406769701919286,0.27207315048860586
LP002035,1.0,0,1,0,1,0,0,1,0,1,0,1,0,0,1,0,0.07047312326181178,-0.49387565948021217,0.5424515279154141,0.27207315048860586
LP002368,1.0,0,1,0,1,0,0,1,0,1,0,1,0,0,1,0,1.5674796365023245,-0.49387565948021217,0.9834174624028301,0.27207315048860586
LP001744,1.0,0,1,1,0,1,0,0,0,1,0,1,0,0,1,0,-0.43302861653864916,0.5344901367526017,1.3565424838921822,0.27207315048860586
LP002619,1.0,0,1,0,1,1,0,0,0,0,1,1,0,0,1,0,0.13594184814203258,0.05254729853242234,0.6781333539115421,-0.6706028357113527
LP001003,1.0,0,1,0,1,0,1,0,0,1,0,1,0,1,0,0,0.6549671000274944,0.0617587442170588,0.8138151799076702,0.27207315048860586
LP002367,1.0,1,0,1,0,0,1,0,0,0,1,1,0,1,0,0,0.6704906121124952,-0.49387565948021217,-0.7804462755468342,0.27207315048860586
LP001345,1.0,0,1,0,1,0,0,1,0,0,1,1,0,0,0,1,0.4558611841546579,0.708402231278538,0.9834174624028301,-2.5559548081112697
LP001241,0.0,1,0,1,0,1,0,0,0,1,0,1,0,0,1,0,0.46396040785118003,-0.49387565948021217,1.0851788318999263,0.27207315048860586
LP002716,1.0,0,1,1,0,1,0,0,0,0,1,1,0,0,1,0,2.1398247777232235,-0.49387565948021217,0.8816560929057341,0.27207315048860586
LP001722,1.0,0,1,0,1,1,0,0,0,1,0,1,0,1,0,0,-2.3370211205294003,0.1693484298136126,1.0512583754008942,0.27207315048860586
LP001940,1.0,0,1,0,1,0,0,1,0,1,0,1,0,0,0,1,-0.31019039047472974,0.08091855124110263,1.017337918901862,0.27207315048860586
LP002366,1.0,0,1,0,1,1,0,0,0,1,0,1,0,1,0,0,-0.6388838854919208,1.090492998277258,0.576371984414446,0.27207315048860586
LP001222,0.0,1,0,1,0,1,0,0,0,1,0,1,0,0,1,0,0.37351907657334926,-0.49387565948021217,0.406769701919286,0.27207315048860586
LP001616,1.0,0,1,0,1,0,1,0,0,1,0,1,0,0,1,0,0.09274598842724771,-0.49387565948021217,0.406769701919286,0.27207315048860586
LP001322,1.0,0,1,1,0,1,0,0,0,1,0,1,0,0,1,0,0.35124621140791334,-0.49387565948021217,0.6102924409134781,0.27207315048860586
LP001872,1.0,0,1,1,0,1,0,0,0,1,0,0,1,0,1,0,1.0484543846168626,-0.49387565948021217,0.8138151799076702,0.27207315048860586
LP001750,1.0,0,1,0,1,1,0,0,0,1,0,1,0,0,1,0,1.780084258536031,-0.49387565948021217,0.8138151799076702,0.27207315048860586
LP001024,1.0,0,1,0,1,0,0,1,0,1,0,1,0,0,0,1,-0.2784684309966846,-0.23595518031039142,-1.1535712970361862,0.27207315048860586
LP001131,1.0,0,1,0,1,1,0,0,0,1,0,1,0,0,1,0,0.22165863226355878,0.3668418252922182,1.017337918901862,0.27207315048860586
LP001814,1.0,0,1,0,1,0,0,1,0,1,0,1,0,0,0,1,4.110635877210283,-0.49387565948021217,0.27108787592315803,0.27207315048860586
LP001726,1.0,0,1,0,1,1,0,0,0,1,0,1,0,0,1,0,0.07722247634224691,0.16013698412897615,0.9155765494047662,0.27207315048860586
LP001904,1.0,0,1,0,1,1,0,0,0,1,0,1,0,0,0,1,-0.34393715587690543,-0.014880483879116505,-0.8143667320458662,0.27207315048860586
LP002587,1.0,0,1,0,1,1,0,0,0,0,1,1,0,1,0,0,-0.6834296158227926,0.13250264707506676,0.10148559342799797,0.27207315048860586
LP001603,1.0,0,1,0,1,1,0,0,0,0,1,0,1,0,1,0,0.49365756140509465,-0.22269069852451492,-0.5769235365526422,0.27207315048860586
LP001978,1.0,0,1,1,0,1,0,0,0,1,0,1,0,1,0,0,0.26147981543812604,0.42726890898343334,1.2208606578960541,0.27207315048860586
LP001871,1.0,1,0,1,0,1,0,0,0,1,0,1,0,1,0,0,2.421272801177369,-0.49387565948021217,0.5424515279154141,0.27207315048860586
LP002837,0.0,0,1,0,1,0,0,0,1,1,0,1,0,1,0,0,-0.14348136938798195,0.42726890898343334,0.6442128974125101,0.27207315048860586
LP002519,1.0,0,1,0,1,0,0,0,1,1,0,1,0,0,1,0,0.7278601132961938,-0.49387565948021217,-0.13595760206522609,0.27207315048860586
LP001112,1.0,1,0,0,1,1,0,0,0,1,0,1,0,0,1,0,0.036726357859636106,0.043704310675171346,1.3565424838921822,0.27207315048860586
LP002332,1.0,0,1,0,1,1,0,0,0,0,1,1,0,1,0,0,-0.9176321677138918,0.2551991035944243,0.203246962925094,0.27207315048860586
LP001836,1.0,1,0,1,0,0,0,1,0,1,0,1,0,0,0,1,-0.12525811607080709,-0.49387565948021217,1.1530197448979902,0.27207315048860586
LP001030,1.0,0,1,0,1,0,0,1,0,1,0,1,0,0,0,1,-1.5615204515874035,-0.09373045893960456,-2.9513554914848825,-3.4986307943112283
LP001038,1.0,0,1,0,1,1,0,0,0,0,1,1,0,1,0,0,0.8601474336727224,-0.49387565948021217,0.9834174624028301,0.27207315048860586
LP002600,1.0,0,1,0,1,0,1,0,0,1,0,0,1,0,1,0,-0.4843236999499562,-0.49387565948021217,-0.30555988456038613,0.27207315048860586
LP001824,1.0,0,1,0,1,0,1,0,0,1,0,1,0,0,1,0,-0.49309785895452185,0.1851921163911873,0.6442128974125101,2.157425122888523
LP002379,0.0,0,1,1,0,1,0,0,0,1,0,1,0,1,0,0,1.9488180855469095,-0.49387565948021217,0.03364468042993395,0.27207315048860586
LP002821,1.0,0,1,1,0,1,0,0,0,0,1,0,1,0,1,0,1.47636336991645,-0.49387565948021217,0.9494970059037982,0.27207315048860586
LP001765,1.0,0,1,0,1,0,1,0,0,1,0,1,0,0,1,0,-0.7569975643995356,0.26293671796951895,-0.0002757760690980524,0.27207315048860586
LP001664,1.0,0,1,1,0,1,0,0,0,1,0,1,0,1,0,0,0.3903924592744371,-0.49387565948021217,0.5424515279154141,0.27207315048860586
LP001333,1.0,0,1,0,1,1,0,0,0,1,0,1,0,0,1,0,-1.1039143127339015,-0.12652320557691032,-1.8319804270168265,0.27207315048860586
LP002234,1.0,0,1,1,0,1,0,0,0,1,0,0,1,0,0,1,2.3989999360119327,-0.49387565948021217,0.8138151799076702,0.27207315048860586
LP002006,1.0,1,0,1,0,1,0,0,0,1,0,1,0,1,0,0,-0.7461985994708393,-0.49387565948021217,-1.6284576880226345,0.27207315048860586
LP001936,1.0,0,1,0,1,1,0,0,0,1,0,1,0,1,0,0,-0.3628353445021238,0.39631845148305483,1.1869402013970223,0.27207315048860586
LP001884,1.0,1,0,1,0,0,1,0,0,1,0,1,0,0,0,1,-0.49714747080278293,0.08091855124110263,-0.47516216705554615,0.27207315048860586
LP002643,1.0,0,1,0,1,0,0,1,0,1,0,1,0,0,0,1,-0.22244880042907303,0.2559360192491953,1.4922243098883103,0.27207315048860586
LP001811,1.0,0,1,0,1,1,0,0,0,0,1,1,0,0,1,0,-0.13943175753972087,1.1336025640813565,0.6442128974125101,0.27207315048860586
LP002387,1.0,0,1,0,1,1,0,0,0,1,0,1,0,0,1,0,-0.8015432947304075,0.36831565660176,1.3226220273931502,0.27207315048860586
LP001692,1.0,1,0,1,0,1,0,0,0,0,1,1,0,0,1,0,0.5368534211198795,-0.49387565948021217,0.5424515279154141,0.27207315048860586
LP001698,1.0,0,1,1,0,1,0,0,0,0,1,1,0,1,0,0,0.24460643273703822,0.4386911016323825,-1.6623781445216663,0.27207315048860586
LP002917,1.0,1,0,1,0,1,0,0,0,0,1,1,0,0,1,0,-0.9770264748217209,-0.49387565948021217,-1.1535712970361862,0.27207315048860586
LP002098,1.0,0,1,1,0,1,0,0,0,1,0,1,0,0,1,0,-0.45732628762821564,-0.49387565948021217,-0.2037985150632901,0.27207315048860586
LP002288,0.0,0,1,0,1,0,0,1,0,0,1,1,0,0,0,1,-0.4883733117982173,-0.49387565948021217,-2.0015827095119865,-2.5559548081112697
LP001205,1.0,0,1,0,1,1,0,0,0,1,0,1,0,0,0,1,-0.750923146627144,0.9047902532749871,0.5424515279154141,0.27207315048860586
LP001917,1.0,1,0,1,0,1,0,0,0,1,0,1,0,0,0,1,-1.2159535738691247,0.1199750809439612,-1.6962986010206984,0.27207315048860586
LP001179,1.0,0,1,0,1,0,0,1,0,1,0,1,0,0,0,1,0.6772399651929303,-0.49387565948021217,1.017337918901862,0.27207315048860586
LP002053,1.0,0,1,0,1,0,0,0,1,1,0,1,0,0,1,0,0.4923076907890076,-0.42423713010436054,0.6781333539115421,0.27207315048860586
LP002407,1.0,1,0,0,1,1,0,0,0,0,1,0,1,1,0,0,2.382126553310845,-0.49387565948021217,1.1530197448979902,0.27207315048860586
LP001926,1.0,0,1,0,1,1,0,0,0,1,0,1,0,1,0,0,0.0616989642572461,0.24303999529070422,0.5424515279154141,0.27207315048860586
LP002377,1.0,1,0,1,0,0,1,0,0,1,0,0,1,0,1,0,3.382380679831332,-0.49387565948021217,1.5600652228863743,0.27207315048860586
LP001877,1.0,0,1,0,1,0,0,1,0,1,0,1,0,0,1,0,0.7393340135329335,0.017175347103418358,1.5600652228863743,0.27207315048860586
LP002429,1.0,0,1,0,1,0,1,0,0,1,0,0,1,1,0,0,-0.09893563905711007,-0.048041688343807745,0.8816560929057341,0.27207315048860586
LP002494,1.0,0,1,1,0,1,0,0,0,1,0,1,0,1,0,0,1.6113504315251528,-0.49387565948021217,1.2208606578960541,0.27207315048860586
LP001146,0.0,1,0,0,1,1,0,0,0,1,0,1,0,0,0,1,-0.6530575269608345,0.773619266725764,0.5424515279154141,0.27207315048860586
LP002868,1.0,0,1,0,1,0,0,1,0,1,0,1,0,0,0,1,-0.30614077862646866,-0.32401660105551594,0.13540604992702998,-4.064236386031204
LP001047,0.0,0,1,0,1,1,0,0,0,0,1,1,0,0,1,0,-0.6834296158227926,0.21024724865339844,0.406769701919286,0.27207315048860586
LP001586,1.0,0,1,0,1,0,0,0,1,0,1,1,0,1,0,0,-0.061139261806673326,-0.49387565948021217,-0.7804462755468342,-2.5559548081112697
LP002690,1.0,0,1,1,0,1,0,0,0,1,0,1,0,0,1,0,-0.750923146627144,-0.49387565948021217,-1.6623781445216663,0.27207315048860586
LP001699,1.0,0,1,1,0,1,0,0,0,1,0,1,0,0,0,1,-0.7650967880960577,-0.49387565948021217,-1.5266963185255384,0.27207315048860586
LP001778,1.0,0,1,0,1,0,1,0,0,1,0,1,0,0,1,0,-0.30884051985864275,0.16161081543851796,1.2208606578960541,0.27207315048860586
LP002768,1.0,0,1,1,0,1,0,0,0,0,1,1,0,0,1,0,-0.17182865232580952,-0.49387565948021217,-0.8143667320458662,-4.81837717499117
LP002219,1.0,0,1,0,1,0,0,0,1,1,0,1,0,1,0,0,3.4674225286448146,1.346939646137537,0.8816560929057341,0.27207315048860586
LP002266,1.0,0,1,0,1,0,0,1,0,1,0,1,0,0,0,1,-0.34596196180103594,0.021965298859429314,0.30500833242219,0.27207315048860586
LP001259,1.0,0,1,0,1,0,1,0,0,1,0,0,1,0,0,1,-1.763326108692414,0.6196038948786425,0.203246962925094,0.27207315048860586
LP001658,1.0,0,1,1,0,1,0,0,0,1,0,1,0,0,1,0,0.16563900169594717,-0.49387565948021217,-0.9500485580419943,0.27207315048860586
LP002517,0.0,0,1,0,1,0,1,0,0,0,1,1,0,1,0,0,-0.6476580444964865,0.058811081597975136,0.30500833242219,-2.5559548081112697
LP002692,1.0,0,1,0,1,0,0,0,1,1,0,0,1,1,0,0,1.393346327027098,0.03080828671668031,-0.13595760206522609,0.27207315048860586
LP001572,1.0,0,1,0,1,1,0,0,0,1,0,1,0,0,0,1,3.854160460153748,-0.49387565948021217,-0.9839690145410263,-2.5559548081112697
LP002741,1.0,1,0,0,1,0,1,0,0,1,0,1,0,0,1,0,0.6718404827285822,0.5543868594314164,1.2208606578960541,-2.5559548081112697
LP001144,1.0,0,1,0,1,1,0,0,0,1,0,1,0,0,0,1,1.4905370113853638,-0.49387565948021217,1.3565424838921822,0.27207315048860586
LP002940,1.0,0,1,1,0,1,0,0,0,0,1,1,0,1,0,0,0.14876561899485932,-0.49387565948021217,0.203246962925094,0.27207315048860586
LP001715,1.0,0,1,0,1,0,0,0,1,0,1,0,1,1,0,0,1.4108946450362292,-0.49387565948021217,0.8816560929057341,0.27207315048860586
LP002347,1.0,0,1,0,1,1,0,0,0,1,0,1,0,0,1,0,-0.247421406826683,0.028229081924982104,1.1530197448979902,0.27207315048860586
LP001924,1.0,0,1,1,0,1,0,0,0,1,0,1,0,1,0,0,-0.3068157139345122,0.6310260875275917,-0.5090826235545781,0.27207315048860586
LP002493,0.0,0,1,1,0,1,0,0,0,1,0,1,0,0,1,0,0.37351907657334926,-0.49387565948021217,-0.2037985150632901,0.27207315048860586
LP001206,1.0,0,1,0,1,0,0,0,1,1,0,1,0,0,0,1,-0.3938823686721254,-0.49387565948021217,-0.16987805856425808,0.27207315048860586
LP001577,1.0,1,0,0,1,1,0,0,0,1,0,1,0,1,0,0,0.6549671000274944,-0.49387565948021217,0.27108787592315803,0.27207315048860586
LP001868,1.0,0,1,1,0,1,0,0,0,1,0,1,0,0,1,0,-1.0478946821662898,0.32004768121426497,1.017337918901862,0.27207315048860586
LP001892,1.0,0,1,1,0,1,0,0,0,1,0,1,0,1,0,0,-0.526169689048654,0.1903505259745837,0.7459742669096061,0.27207315048860586
LP001711,0.0,0,1,0,1,0,0,0,1,1,0,1,0,0,1,0,-0.12323331014667656,-0.033303375248389416,0.8138151799076702,0.27207315048860586
LP001199,1.0,0,1,0,1,0,0,1,0,0,1,1,0,0,0,1,-0.17250358763385304,0.5595452690148128,1.3565424838921822,0.27207315048860586
LP002097,1.0,0,1,1,0,0,1,0,0,1,0,1,0,0,0,1,0.5206549737268352,0.16676922502191438,0.44069015841831805,0.27207315048860586
LP001674,1.0,0,1,0,1,0,1,0,0,0,1,1,0,0,1,0,-0.6834296158227926,0.42726890898343334,-0.47516216705554615,0.27207315048860586
LP001013,1.0,0,1,0,1,1,0,0,0,0,1,1,0,0,0,1,-0.8636373430704107,0.06470640683614247,-0.30555988456038613,0.27207315048860586
LP001482,1.0,0,1,0,1,1,0,0,0,1,0,0,1,0,1,0,-0.10366018621341466,-0.49387565948021217,-2.6799918394926268,-3.4986307943112283
LP002545,0.0,0,1,1,0,0,0,1,0,1,0,1,0,1,0,0,-0.04426587910558549,-0.49387565948021217,-0.8143667320458662,0.27207315048860586
LP002459,1.0,0,1,0,1,1,0,0,0,1,0,1,0,0,0,1,0.46463534315922356,-0.49387565948021217,0.47461061491735007,0.27207315048860586
LP002606,1.0,1,0,1,0,1,0,0,0,1,0,1,0,0,1,0,-0.30614077862646866,-0.49387565948021217,-0.13595760206522609,0.27207315048860586
LP002789,0.0,0,1,0,1,1,0,0,0,1,0,1,0,1,0,0,-0.01321885493558388,1.0779654321461525,0.9494970059037982,-2.5559548081112697
LP002287,0.0,1,0,1,0,1,0,0,0,1,0,1,0,0,1,0,-1.4258584546706574,0.1693484298136126,-0.03419623256813006,0.27207315048860586
LP001528,0.0,0,1,1,0,1,0,0,0,1,0,1,0,1,0,0,1.798307511853206,-0.49387565948021217,0.47461061491735007,0.27207315048860586
LP002443,0.0,0,1,0,1,0,0,1,0,1,0,1,0,1,0,0,-0.18397748787059276,0.13618722534892136,1.5600652228863743,0.27207315048860586
LP002225,1.0,0,1,0,1,0,0,1,0,1,0,1,0,0,0,1,1.2003148289266532,-0.49387565948021217,0.8816560929057341,0.27207315048860586
LP001120,1.0,0,1,1,0,1,0,0,0,1,0,1,0,0,0,1,-1.2233778622576033,-0.04693631486165137,-1.9337417965139225,0.27207315048860586
LP002187,1.0,0,1,1,0,1,0,0,0,1,0,1,0,0,1,0,-0.750923146627144,-0.49387565948021217,-0.2716394280613541,2.157425122888523
LP002840,1.0,1,0,1,0,1,0,0,0,1,0,1,0,0,0,1,-0.8332652542084527,-0.49387565948021217,-3.2227191434771387,0.27207315048860586
LP002777,1.0,0,1,0,1,1,0,0,0,1,0,1,0,1,0,0,-0.5585665838347427,0.24893532052887157,0.203246962925094,0.27207315048860586
LP001195,1.0,0,1,0,1,1,0,0,0,1,0,1,0,0,1,0,-0.9992993399871569,0.09234074389005183,-0.2716394280613541,0.27207315048860586
LP001900,1.0,0,1,0,1,0,1,0,0,1,0,1,0,0,1,0,-0.5821893196162656,0.18482365856380184,0.37284924542025405,0.27207315048860586
LP002141,1.0,0,1,0,1,0,0,0,1,1,0,1,0,1,0,0,-0.6388838854919208,0.27362199496369727,-0.30555988456038613,0.27207315048860586
LP001430,1.0,1,0,1,0,1,0,0,0,1,0,1,0,0,1,0,0.37351907657334926,-0.49387565948021217,-2.0355031660110185,0.27207315048860586
LP001636,1.0,0,1,0,1,1,0,0,0,1,0,1,0,0,1,0,0.666441000264234,-0.49387565948021217,-1.0518099275390902,-2.5559548081112697
LP001164,1.0,1,0,1,0,1,0,0,0,1,0,1,0,0,1,0,0.4167149362881341,-0.49387565948021217,0.27108787592315803,0.27207315048860586
LP001565,0.0,0,1,0,1,0,1,0,0,1,0,1,0,0,1,0,-0.3533862501895146,-0.02224964042682567,0.576371984414446,0.27207315048860586
LP001491,1.0,0,1,0,1,0,0,1,0,1,0,0,1,0,0,1,-0.20017593526363708,0.7957267363688915,-0.5430030800536102,0.27207315048860586
LP002086,1.0,1,0,0,1,1,0,0,0,1,0,1,0,0,0,1,0.486233273016616,0.4092144754415459,0.203246962925094,0.27207315048860586
LP002936,1.0,0,1,0,1,1,0,0,0,1,0,1,0,1,0,0,0.16631393700399066,0.7220351708917999,1.2887015708941183,-2.5559548081112697
LP001086,1.0,0,1,1,0,1,0,0,0,0,1,1,0,0,0,1,-1.465004702537181,-0.49387565948021217,-2.3407872745023064,0.27207315048860586
LP001688,1.0,0,1,0,1,0,1,0,0,0,1,1,0,0,0,1,-0.07598783858363062,-0.09483583242176093,1.0512583754008942,0.27207315048860586
LP001487,1.0,0,1,1,0,1,0,0,0,1,0,1,0,0,1,0,0.8655469161370705,-0.49387565948021217,-0.06811668906716206,0.27207315048860586
LP001493,1.0,0,1,0,1,0,0,1,0,0,1,1,0,1,0,0,0.3964668770468287,0.03301903368099306,0.8477356364067021,0.27207315048860586
LP002648,1.0,0,1,0,1,1,0,0,0,1,0,1,0,0,1,0,-1.0006492106032439,1.9622642178712522,-1.1535712970361862,-2.5559548081112697
LP001743,1.0,0,1,0,1,0,0,1,0,1,0,1,0,0,1,0,0.2675542332105177,0.13876643014061957,0.406769701919286,0.27207315048860586
LP001157,1.0,1,0,1,0,1,0,0,0,1,0,1,0,0,1,0,-0.35541105611364515,-0.49387565948021217,0.5424515279154141,0.27207315048860586
LP001954,1.0,1,0,0,1,0,1,0,0,1,0,1,0,0,0,1,0.710986730595106,-0.49387565948021217,1.0512583754008942,0.27207315048860586
LP002792,1.0,0,1,0,1,0,1,0,0,1,0,1,0,0,1,0,1.2522848476460036,-0.1136271816184193,-2.6460713829935947,0.27207315048860586
LP001489,1.0,1,0,0,1,1,0,0,0,1,0,1,0,1,0,0,0.6549671000274944,-0.49387565948021217,-0.6786849060497382,0.27207315048860586
LP002894,1.0,1,0,0,1,1,0,0,0,1,0,1,0,0,1,0,-0.3014162314701641,-0.49387565948021217,-2.3068668180032748,0.27207315048860586
LP002585,0.0,0,1,0,1,1,0,0,0,1,0,1,0,1,0,0,-0.010519113703409827,0.30088787419022117,0.5085310714163821,0.27207315048860586
LP002738,1.0,0,1,1,0,0,0,1,0,1,0,1,0,0,1,0,0.0029795924574604407,-0.49387565948021217,0.10148559342799797,0.27207315048860586
LP001194,1.0,0,1,0,1,0,0,1,0,1,0,1,0,0,1,0,-0.6105366025540931,-0.06388537492138245,-0.2377189715623221,0.27207315048860586
LP002051,1.0,0,1,0,1,1,0,0,0,1,0,1,0,0,1,0,-0.8184166774314953,0.30457245246407577,0.37284924542025405,0.27207315048860586
LP002211,1.0,0,1,0,1,1,0,0,0,1,0,1,0,0,0,1,0.8129019621096765,-0.15378908480343426,0.5424515279154141,-2.5559548081112697
LP001197,1.0,0,1,0,1,1,0,0,0,1,0,1,0,1,0,0,-0.16642916986146142,0.31673156076779585,1.0512583754008942,0.27207315048860586
LP002224,1.0,0,1,1,0,1,0,0,0,1,0,1,0,0,0,1,-0.36688495635038487,-0.49387565948021217,-1.1196508405371544,2.157425122888523
LP001964,0.0,0,1,0,1,1,0,0,0,0,1,1,0,0,0,1,-1.2233778622576033,0.5871796060687222,-0.3734007975584501,0.27207315048860586
LP001155,1.0,1,0,0,1,1,0,0,0,0,1,1,0,0,1,0,-1.1369861428280337,0.11186900874148112,-0.13595760206522609,0.27207315048860586
LP001073,1.0,0,1,0,1,0,0,1,0,0,1,1,0,0,0,1,0.4140151950559601,-0.11067951899933563,0.203246962925094,0.27207315048860586
LP002297,1.0,0,1,1,0,1,0,0,0,1,0,1,0,0,1,0,-0.750923146627144,6.875280888228951,-0.03419623256813006,0.27207315048860586
LP002390,1.0,0,1,1,0,1,0,0,0,1,0,1,0,0,0,1,0.09274598842724771,-0.49387565948021217,-0.13595760206522609,0.27207315048860586
LP002877,1.0,0,1,0,1,0,1,0,0,1,0,1,0,1,0,0,-1.2355266978023867,0.32852221124413056,0.10148559342799797,0.27207315048860586
LP002004,1.0,0,1,1,0,1,0,0,0,0,1,1,0,0,1,0,-0.46272577009256377,0.3922654153818148,0.237167419424126,0.27207315048860586
LP001068,1.0,0,1,0,1,1,0,0,0,1,0,1,0,0,1,0,-0.5491174895221335,0.33625982561922513,0.6102924409134781,0.27207315048860586
LP001138,1.0,0,1,0,1,0,1,0,0,1,0,1,0,0,0,1,1.3744481384018796,-0.49387565948021217,-2.0355031660110185,0.27207315048860586
LP002300,1.0,1,0,1,0,1,0,0,0,0,1,1,0,0,1,0,-1.1133634070465106,-0.49387565948021217,-1.7302190575197305,0.27207315048860586
LP001473,1.0,0,1,1,0,1,0,0,0,1,0,1,0,0,0,1,-1.0789417063362914,0.2168794895463367,-1.0178894710400583,0.27207315048860586
LP002370,1.0,0,1,1,0,1,0,0,0,0,1,1,0,0,0,1,-0.6044621847817016,-0.49387565948021217,-1.4927758620265064,-2.5559548081112697
LP002505,1.0,0,1,0,1,1,0,0,0,1,0,1,0,0,0,1,0.486233273016616,0.4092144754415459,0.203246962925094,0.27207315048860586
LP002720,1.0,0,1,0,1,0,0,0,1,1,0,1,0,0,0,1,0.4511366369983533,-0.49387565948021217,-0.13595760206522609,0.27207315048860586
LP002308,1.0,0,1,0,1,1,0,0,0,0,1,1,0,0,0,1,-0.975676604205634,0.3904231262448875,0.37284924542025405,0.27207315048860586
LP001578,1.0,0,1,0,1,1,0,0,0,1,0,1,0,1,0,0,-0.7920942004177983,0.73419427919552,0.8477356364067021,0.27207315048860586
LP001119,1.0,0,1,1,0,1,0,0,0,1,0,1,0,0,0,1,-0.008494307779279286,-0.49387565948021217,-0.8143667320458662,0.27207315048860586
LP001807,1.0,0,1,0,1,0,0,1,0,1,0,0,1,1,0,0,1.780084258536031,-0.014880483879116505,0.13540604992702998,0.27207315048860586
LP001841,1.0,0,1,1,0,1,0,0,0,0,1,0,1,1,0,0,-0.6949035160595324,0.30457245246407577,-0.0002757760690980524,0.27207315048860586
LP002296,1.0,0,1,1,0,1,0,0,0,0,1,1,0,1,0,0,-0.578814643076048,-0.49387565948021217,-1.3231735795313464,-0.6706028357113527
LP001641,0.0,0,1,0,1,0,1,0,0,1,0,0,1,1,0,0,-0.9682523158171553,-0.49387565948021217,-1.2892531230323143,-0.6706028357113527
LP002659,1.0,0,1,0,1,0,0,0,1,1,0,1,0,1,0,0,-0.09893563905711007,0.7691977727971384,1.5600652228863743,0.27207315048860586
LP001938,0.0,0,1,0,1,0,0,1,0,1,0,1,0,0,1,0,0.5314539386555314,-0.49387565948021217,0.7798947234086381,0.27207315048860586
LP002723,0.0,0,1,1,0,0,0,1,0,1,0,1,0,1,0,0,-0.016593531475801445,-0.49387565948021217,0.203246962925094,0.27207315048860586
LP002126,1.0,0,1,0,1,0,0,0,1,0,1,1,0,0,1,0,-0.2966916843138595,-0.49387565948021217,-1.0178894710400583,0.27207315048860586
LP001520,1.0,0,1,0,1,1,0,0,0,1,0,1,0,0,1,0,0.8419241803555475,-0.18805566275028185,0.7120538104105741,0.27207315048860586
LP001325,1.0,0,1,1,0,1,0,0,0,0,1,1,0,0,1,0,0.00500439838159098,-0.49387565948021217,-2.6799918394926268,-3.4986307943112283
LP002500,0.0,0,1,0,1,0,0,0,1,0,1,1,0,0,0,1,-0.4492270639316935,0.11923816528919028,-1.1535712970361862,-2.5559548081112697
LP001896,1.0,0,1,0,1,0,0,1,0,1,0,1,0,0,1,0,0.1939862846337747,-0.49387565948021217,-0.47516216705554615,0.27207315048860586
LP001977,1.0,0,1,0,1,0,1,0,0,1,0,1,0,0,0,1,-1.3414915411652182,0.17045380329576895,-0.2716394280613541,0.27207315048860586
LP002116,1.0,1,0,1,0,1,0,0,0,1,0,1,0,1,0,0,-0.8332652542084527,-0.49387565948021217,-1.9676622530129544,0.27207315048860586
LP001790,1.0,1,0,1,0,0,1,0,0,1,0,1,0,1,0,0,0.13459197752594554,-0.49387565948021217,0.27108787592315803,0.27207315048860586
LP002448,0.0,0,1,0,1,1,0,0,0,1,0,1,0,1,0,0,0.22638317941986336,0.1446617553787869,1.5261447663873422,0.27207315048860586
LP001478,1.0,0,1,1,0,1,0,0,0,1,0,1,0,0,1,0,-0.603787249473658,-0.49387565948021217,-1.1535712970361862,0.27207315048860586
LP002916,1.0,0,1,0,1,1,0,0,0,1,0,1,0,0,0,1,-0.8879350141599772,0.06691715380045521,-0.0002757760690980524,0.27207315048860586
LP002281,1.0,0,1,0,1,1,0,0,0,1,0,1,0,0,0,1,-0.39118262743995136,0.043704310675171346,-0.30555988456038613,0.27207315048860586
LP001716,1.0,0,1,0,1,1,0,0,0,1,0,1,0,0,0,1,-0.2966916843138595,0.619235437051257,1.1190992883989581,0.27207315048860586
LP001535,1.0,0,1,1,0,1,0,0,0,1,0,1,0,0,0,1,-0.2420219243623349,-0.49387565948021217,-1.8319804270168265,0.27207315048860586
LP001279,1.0,0,1,1,0,1,0,0,0,1,0,1,0,0,1,0,-0.8413644779049748,0.4386911016323825,1.0851788318999263,0.27207315048860586
LP002002,1.0,1,0,1,0,1,0,0,0,1,0,1,0,0,1,0,-0.4694751231729989,-0.49387565948021217,-0.6786849060497382,0.27207315048860586
LP002755,1.0,0,1,0,1,0,1,0,0,0,1,1,0,0,0,1,-0.927081262026501,0.4361118968406843,0.8138151799076702,0.27207315048860586
LP001255,1.0,0,1,1,0,1,0,0,0,1,0,1,0,0,0,1,0.09274598842724771,-0.49387565948021217,0.30500833242219,2.157425122888523
LP002434,1.0,0,1,0,1,0,0,1,0,0,1,1,0,1,0,0,0.7015376362824968,-0.49387565948021217,0.203246962925094,0.27207315048860586
LP002637,1.0,0,1,1,0,1,0,0,0,0,1,1,0,1,0,0,-0.009844178395366313,-0.01967043563512746,-0.13595760206522609,0.27207315048860586
LP002453,1.0,0,1,1,0,1,0,0,0,1,0,0,1,0,1,0,2.3436552407523648,-0.49387565948021217,-0.6786849060497382,0.27207315048860586
LP002284,1.0,0,1,1,0,1,0,0,0,0,1,1,0,1,0,0,0.19533615524986175,0.1199750809439612,0.16932650642606198,0.27207315048860586
LP001854,1.0,0,1,0,1,0,0,0,1,1,0,1,0,0,0,1,1.1051489504925178,-0.49387565948021217,-0.3394803410594181,0.27207315048860586
LP002158,0.0,0,1,0,1,1,0,0,0,0,1,1,0,0,0,1,-0.4134554926053873,0.1199750809439612,-0.13595760206522609,2.157425122888523
LP001518,1.0,0,1,0,1,0,1,0,0,1,0,1,0,0,0,1,-1.4002109129650038,0.031176744544065767,-2.510389556997467,0.27207315048860586
LP002265,1.0,0,1,0,1,0,0,1,0,0,1,1,0,0,1,0,-1.0931153478052051,0.1048683100211574,0.30500833242219,-2.5559548081112697
LP001006,1.0,0,1,0,1,1,0,0,0,0,1,1,0,0,0,1,-0.6949035160595324,0.37494789749469826,0.5424515279154141,0.27207315048860586
LP001432,1.0,0,1,0,1,0,0,1,0,1,0,1,0,0,1,0,-0.44247771085125837,-0.49387565948021217,-0.7804462755468342,0.27207315048860586
LP002974,1.0,0,1,0,1,1,0,0,0,1,0,1,0,1,0,0,-0.2568705011392922,0.22461710392143133,0.13540604992702998,0.27207315048860586
LP001798,1.0,0,1,0,1,0,0,1,0,1,0,1,0,1,0,0,1.489187140769277,1.3484134774470786,0.5424515279154141,0.27207315048860586
LP001813,1.0,0,1,1,0,1,0,0,0,1,0,0,1,0,0,1,1.6450971969273285,1.102652106580978,0.5424515279154141,-2.5559548081112697
LP002449,0.0,0,1,0,1,1,0,0,0,1,0,1,0,1,0,0,-0.7623970468638837,0.4147413428523277,-0.47516216705554615,-2.5559548081112697
LP001849,0.0,0,1,1,0,1,0,0,0,0,1,1,0,1,0,0,1.6417225203871109,-0.49387565948021217,0.37284924542025405,0.27207315048860586
LP001532,1.0,0,1,0,1,0,0,1,0,0,1,1,0,1,0,0,-0.8987339790886734,-0.49387565948021217,0.30500833242219,0.27207315048860586
LP001116,1.0,0,1,1,0,1,0,0,0,0,1,1,0,0,1,0,0.0913961178111607,0.12071199659873211,0.203246962925094,0.27207315048860586
LP002874,1.0,0,1,1,0,1,0,0,0,1,0,1,0,0,0,1,-0.25889530706342273,0.5153303297285579,0.203246962925094,0.27207315048860586
LP001963,1.0,0,1,0,1,0,1,0,0,1,0,1,0,0,0,1,-1.0789417063362914,0.5838634856222531,0.30500833242219,0.27207315048860586
LP002537,1.0,0,1,0,1,1,0,0,0,1,0,1,0,0,1,0,-1.032371170081289,0.6667664967839811,0.8138151799076702,0.27207315048860586
LP002161,1.0,1,0,1,0,0,1,0,0,1,0,1,0,0,1,0,0.7494580431535862,-0.49387565948021217,-0.7804462755468342,0.27207315048860586
LP002556,1.0,0,1,1,0,1,0,0,0,1,0,1,0,0,0,1,-0.7947939416499723,-0.49387565948021217,-0.9839690145410263,0.27207315048860586
LP001915,1.0,0,1,0,1,0,0,1,0,1,0,1,0,0,0,1,-0.8852352729278031,-0.13064993773881303,-0.8822076450439302,-2.5559548081112697
LP002484,1.0,0,1,0,1,0,0,0,1,1,0,1,0,0,0,1,2.7857378675208664,-0.49387565948021217,0.8138151799076702,-2.5559548081112697
LP001914,1.0,0,1,0,1,1,0,0,0,1,0,1,0,0,1,0,0.21220953795094957,-0.1991093975718456,0.27108787592315803,0.27207315048860586
LP001248,1.0,0,1,1,0,1,0,0,0,1,0,1,0,0,1,0,-0.07598783858363062,-0.49387565948021217,-0.7804462755468342,-0.6706028357113527
LP002684,1.0,1,0,1,0,1,0,0,0,0,1,1,0,1,0,0,-0.14348136938798195,-0.49387565948021217,-0.30555988456038613,0.27207315048860586
LP001036,0.0,1,0,1,0,1,0,0,0,1,0,1,0,0,0,1,-0.06923848550319549,-0.49387565948021217,-0.9500485580419943,0.27207315048860586
LP002151,1.0,0,1,0,1,0,1,0,0,1,0,1,0,0,0,1,0.1771129019326869,-0.49387565948021217,-1.2553326665332822,0.27207315048860586
LP001098,1.0,0,1,0,1,1,0,0,0,1,0,1,0,0,1,0,-0.07598783858363062,0.12034353877134665,0.338928788921222,0.27207315048860586
LP002236,1.0,0,1,0,1,0,0,1,0,1,0,1,0,0,0,1,0.6434931997907546,-0.49387565948021217,-0.13595760206522609,0.27207315048860586
LP002841,0.0,0,1,0,1,1,0,0,0,1,0,1,0,0,0,1,-0.3014162314701641,0.26662129624337355,-0.0002757760690980524,0.27207315048860586
LP002250,1.0,0,1,0,1,1,0,0,0,1,0,1,0,1,0,0,1.265783553806874,-0.49387565948021217,0.7120538104105741,0.27207315048860586
LP002244,1.0,0,1,0,1,1,0,0,0,1,0,1,0,0,0,1,-0.8636373430704107,0.3966869093104403,1.0851788318999263,0.27207315048860586
LP002239,1.0,0,1,1,0,1,0,0,0,0,1,1,0,0,1,0,-0.854863184065845,0.09565686433652096,0.9494970059037982,0.27207315048860586
LP002305,1.0,1,0,1,0,1,0,0,0,1,0,1,0,0,1,0,0.6306694289379279,-0.49387565948021217,0.37284924542025405,0.27207315048860586
LP002893,1.0,0,1,1,0,1,0,0,0,1,0,1,0,0,0,1,-1.1990801911680369,11.973631845761536,-0.47516216705554615,0.27207315048860586
LP002807,1.0,0,1,0,1,0,0,1,0,0,1,1,0,0,1,0,0.04212584032398421,-0.40470886525293126,0.13540604992702998,0.27207315048860586
LP002911,0.0,0,1,0,1,0,1,0,0,1,0,1,0,1,0,0,-0.5572167132186556,0.2124579956177112,1.4243833968902462,0.27207315048860586
LP002314,1.0,1,0,1,0,1,0,0,0,0,1,1,0,1,0,0,-0.9446295800356324,-0.49387565948021217,-1.2892531230323143,0.27207315048860586
LP002180,1.0,0,1,1,0,1,0,0,0,1,0,0,1,1,0,0,2.166147254736921,-0.49387565948021217,1.2547811143950862,0.27207315048860586
LP002277,0.0,1,0,1,0,1,0,0,0,1,0,1,0,0,0,1,-0.2919671371575549,-0.49387565948021217,-1.1196508405371544,0.27207315048860586
LP002926,0.0,0,1,0,1,0,0,1,0,1,0,0,1,0,1,0,-0.59838776700931,-0.49387565948021217,0.06756513692896596,0.27207315048860586
LP001888,1.0,1,0,1,0,1,0,0,0,1,0,1,0,0,0,1,-0.25349582459907466,-0.49387565948021217,-2.510389556997467,0.27207315048860586
LP002369,1.0,0,1,0,1,1,0,0,0,1,0,1,0,1,0,0,-0.4674503172488684,-0.48793611899325395,-0.5769235365526422,0.27207315048860586
LP001282,1.0,0,1,0,1,1,0,0,0,1,0,1,0,0,1,0,-0.750923146627144,0.2865180189221883,-0.0002757760690980524,0.27207315048860586
LP001245,1.0,0,1,0,1,0,0,1,0,0,1,0,1,0,1,0,-1.1727577141543397,0.19698276686752195,-0.2377189715623221,0.27207315048860586
LP002087,1.0,1,0,1,0,1,0,0,0,1,0,1,0,0,0,1,-0.750923146627144,-0.49387565948021217,-1.2553326665332822,0.27207315048860586
LP001514,1.0,1,0,0,1,1,0,0,0,1,0,1,0,0,1,0,-0.8656621489945412,1.1590261541709532,-0.13595760206522609,0.27207315048860586
LP002143,1.0,1,0,0,1,1,0,0,0,1,0,1,0,0,1,0,-0.8028931653464945,-0.3078044566505558,0.8816560929057341,0.27207315048860586
LP001630,0.0,0,1,1,0,1,0,0,0,0,1,1,0,0,0,1,-0.8636373430704107,0.04075664805608768,-0.06811668906716206,2.157425122888523
LP001029,1.0,0,1,1,0,1,0,0,0,1,0,1,0,1,0,0,-1.1876062909312972,0.5525445702944891,0.338928788921222,0.27207315048860586
LP001043,0.0,0,1,0,1,1,0,0,0,0,1,1,0,0,0,1,2.731743042877385,-0.49387565948021217,-0.0002757760690980524,0.27207315048860586
LP002743,0.0,1,0,1,0,1,0,0,0,1,0,1,0,0,1,0,-0.9952497281388958,-0.49387565948021217,-0.16987805856425808,0.27207315048860586
LP002714,1.0,0,1,1,0,0,1,0,0,0,1,1,0,0,1,0,-0.6301097264873551,-0.01414356822434559,-0.3394803410594181,0.27207315048860586
LP001032,1.0,0,1,1,0,1,0,0,0,1,0,1,0,0,0,1,0.9026683580794638,-0.49387565948021217,0.7120538104105741,0.27207315048860586
LP001228,0.0,0,1,1,0,1,0,0,0,0,1,1,0,0,0,1,-0.2784684309966846,0.3366282834466106,0.7459742669096061,-2.5559548081112697
